Aaditi Joag aaditi.joag@harness.io
Aaditya Kumar aaditya.kumar@harness.io
Abhijeet Sharma abhijeet.sharma@harness.io
Abhijith Pradeep abhijith.pradeep@harness.io
Abhijith V Mohan abhijith.mohan@harness.io
Abhinav Hinger abhinav.hinger@harness.io
Abhinav Mittal abhinav.mittal@harness.io
Abhinav Singh abhinav.singh@harness.io
Abhinav Singh abhinav.singh2@harness.io
Achyuth Prakash achyuth.prakash@harness.io
Adam Hancock adam.hancock@harness.io
Adarsh Agarwal adarsh.agarwal@harness.io
Adithya Viswanathan adithya.viswanathan@harness.io
Adwait Bhandare adwait.bhandare@harness.io
Akash Nagarajan akash.nagarajan@harness.io
akriti-harness akriti.garg@harness.io
Aleksandar Radisavljevic aleksandar.radisavljevic@harness.io
Alexandr Gorodetki alexandr.gorodetki@harness.io
Alexandru Bosii alexandru.bosii@harness.io
Alexandru Casian alexandru.casian@harness.io
Alexei Stirbul alexei.stirbul@harness.io
Allen Thomas allen.thomas@harness.io
Allu Vamsi allu.vamsi@harness.io
Aman Singh aman.singh@harness.io
aman-harness aman.singh@harness.io
aman-iitj aman.singh@harness.io
Amit Jambure amit.jambure@harness.io
Anil Chowdhury anil.chowdhury@harness.io
Anjan Balgovind anjan.balgovind@harness.io
Ankit Singhal ankit.singhal@harness.io
Ankush Shaw ankush.shaw@harness.io
Anmol Maheshwari anmol.maheshwari@harness.io
Anshul Anshul anshul@harness.io
Anubhaw Srivastava anubhaw@harness.io
Archit Singla archit.singla@harness.io
arpit-harness arpit.jain@harness.io
Arpit Tiwari arpit.tiwari@harness.io
Arvind Choudhary arvind.choudhary@harness.io
Ashish Sanodia ashish.sanodia@harness.io
Atharva Trivedi atharva.trivedi@harness.io
Bharat Goel bharat.goel@harness.io
Bogdan Azaric bogdan.azaric@harness.io
Bojan Micovic bojan.micovic@harness.io
bojanmicovic bojan.micovic@harness.io
Bojana Milovanovic bojana.milovanovic@harness.io
Boopesh Shanmugam boopesh.shanmugam@harness.io
bot-harness bot@harness.io
Brett Zane brett@harness.io
Bhavya Agrawal bhavya.agrawal@harness.io
Brijesh Dhakar brijesh.dhakar@harness.io
Christopher Clark christopher.clark@harness.io
CI Bot bot@harness.io
Conor Murray conor.murray@harness.io
Dave Johnston dave.johnston@harness.io
Deepak Chhikara deepak.chhikara@harness.io
Deepak Patankar deepak.patankar@harness.io
Deepak Puthraya deepak.puthraya@harness.io
Deepak Puthraya \[Harness\] deepak.puthraya@harness.io
DEVANSHU AGARWAL devanshu.agarwal@harness.io
Dhruv Upadhyay dhruv.upadhyay@harness.io
Dinesh Garg dinesh.garg@harness.io
Diptiman Adak diptiman.adak@harness.io
diptiman.adak diptiman.adak@harness.io
Deepak Chhikara deepak.chhikara@harness.io
Duc Nguyen duc@harness.io
Fernando Dourado fernando.dourado@harness.io
Filip Petrovic filip.petrovic@harness.io
Garvit Pahal garvit.pahal@harness.io
George Georgiev george@harness.io
Guna Chandrasekaran guna.chandrasekaran@harness.io
Hannah Tang hannah.tang@harness.io
Harsh Jain harsh.jain@harness.io
Hemanth Mantri hemanth.mantri@harness.io
Hitesh Aringa hitesh.aringa@harness.io
Igor Gere igor.gere@harness.io
Inderpreet Chera inderpreet.chera@harness.io
Ishan Bhanuka ishan.bhanuka@harness.io
Ivan Mijailovic ivan.mijailovic@harness.io
Jasmeet Singh Saini jasmeet.saini@harness.io
Munish Jalota munish.jalota@harness.io
Jatin Shridhar jatin@harness.io
Jelena Arsenijevic jelena.arsenijevic@harness.io
Jenny James jenny.james@harness.io
Johannes Batzill johannes@harness.io
Johannes Batzill johannes.batzill@harness.io
Johnny Liu johnny.liu@harness.io
Juhi Agrawal juhi.agrawal@harness.io
K Rohit Reddy rohit.reddy@harness.io
Kamal Joshi kamal.joshi@harness.io
Kanhaiya Rathi kanhaiya.rathi@harness.io
Kapil Choudhary kapil.choudhary@harness.io
Kapil Kumawat kapil.kumawat@harness.io
Karan Saraswat karan.saraswat@harness.io
Karan Siwach karan.siwach@harness.io
Kshitij Rastogi kshitij.rastogi@harness.io
Lazar Matovic lazar.matovic@harness.io
Lovish Bansal lovish.bansal@harness.io
Lucas Mari lucas.mari@harness.io
Lucas Sales lucas.sales@harness.io
Mankrit Singh mankrit.singh@harness.io
Magdalene Lee magdalene.lee@harness.io
Mark Lu mark.lu@harness.io
Marko Barjaktarovic marko.barjaktarovic@harness.io
Marko Milic marko.milic@harness.io
Marko Milic mdmilic@gmail.com
Matt Hill matt@harness.io
Matt Lin matthew.lin@harness.io
Meenakshi Raikwar meenakshi.raikwar@harness.io
Meet Rathod rathod.meetsatish@harness.io
Mehul Kasliwal mehul.kasliwal@harness.io
Michael Katz michael.katz@harness.io
Milan Balaban milan.balaban@harness.io
Milos Paunovic milos.paunovic@harness.io
Mohit Garg mohit.garg@harness.io
Mounik V V S S mounik.velavalivenkata@harness.io
Mohit Kurani mohit.kurani@harness.io
Mounik V V S S mounik.velavalivenkata@harness.io
Naman Talaycha naman.talaycha@harness.io
Naman Verma naman.verma@harness.io
Nandan Chandrashekar nandan.chandrashekar@harness.io
Nasser Gonzalez Gonzalez nasser.gonzalez@harness.io
Nataraja Maruthi nataraja@harness.io
Nathan Nguyen nnguyen01@users.noreply.github.com
Nathan Nguyen lenathan.nguyen@harness.io
Navneet Das navneet.das@harness.io
Nemanja Lukovic nemanja.lukovic@harness.io
Nicolas Bantar nicolas.bantar@harness.io
Nikhil Ranjan nikhil.ranjan@harness.io
Nikola Obucina nikola.obucina@harness.io
Nikunj Badjatya nikunj.badjatya@harness.io
Nitin Kotwal nitin.kotwal@harness.io
Nishant Saini nishant.saini@harness.io
Parnian Zargham parnian@harness.io
Piyush Patel piyush.patel@harness.io
Pooja Singhal pooja.singhal@harness.io
Prabu Rajendran prabu.rajendran@harness.io
prabu-kr prabu.rajendran@harness.io
Pragyesh Mishra pragyesh.mishra@harness.io
Pranjal Kumar pranjal@harness.io
Prashant Pal prashant.pal@harness.io
Prashant Sharma prashant.sharma@harness.io
prashantsharma04 prashant.sharma@harness.io
Prasun Banerjee prasun.banerjee@harness.io
Prateek Barapatre prateek.barapatre@harness.io
Pratyush Goel goel.pratyush@harness.io
Praveen Kambam Sugavanam praveen.sugavanam@harness.io
Praveen Sugavanam praveen.sugavanam@harness.io
Puneet Saraswat puneet.saraswat@harness.io
Rafael Martins rafael.martins@harness.io
Raghvendra Singh raghu@harness.io
Raghvendra Singh raghvendra.singh@harness.io
Raj Patel raj.patel@harness.io
Rama Tummala rama@harness.io
Rathnakara Malatesha rathna@harness.io
Raunak Agrawal raunak.agrawal@harness.io
Reetika mallavarapu.reetika@harness.io
Richa Jajoo richa.jajoo@harness.io
Rick Marry richard.marry@harness.io
Rihaz Zahir rihaz.zahir@harness.io
Rishi Singh rishi@harness.io
Rishabh Gupta rishabh.gupta@harness.io
Riyas P riyas.yash@harness.io
Roger Simms roger.simms@harness.io
Rohit Karelia rohit.karelia@harness.io
Rohit Kumar rohit.kumar@harness.io
Rushabh Shah rushabh.shah@harness.io
Rutvij Mehta rutvij.mehta@harness.io
Sagnik De sagnik.de@harness.io
Sahil Hindwani sahil.hindwani@harness.io
Sahithi Kolichala sahithi@harness.io
Sainath Batthala sainath.batthala@harness.io
Samarth Singhal samarth.singhal@harness.io
Sandesh Katta katta.sandesh@harness.io
Sanja Jokic sanja.jokic@harness.io
Sanyasi Naidu Annepu sanyasi.naidu@harness.io
Sarthak Kasat sarthak.kasat@harness.io
Sathish sathish.soundarapandian@harness.io
Satyam Shanker satyam.shanker@harness.io
Seán Dunne sean.dunne@harness.io
Shalini Agrawal shalini.agarwal@harness.io
Shashank Singh shashank.singh@harness.io
Shaswat Deep shaswat.deep@harness.io
Shivakumar Ningappa shivakumar.ningappa@harness.io
Shreyas Singh shreyas.singh@harness.io
Shubham Agrawal shubham.agrawal@harness.io
Shubhanshu Verma shubhanshu.verma@harness.io
Sowmya K sowmya.k@harness.io
Sri Hari Chidella srihari.chidella@harness.io
Sri Pardha Chidella sripardha.chidella@harness.io
Srinivasa Gurubelli srinivas@harness.io
Sriram Parthasarathy sriram@harness.io
Sujay Sharma sujay.sharma@harness.io
Sunil Shetty sunil@harness.io
Swagat Konchada swagat@harness.io
Swamy Sambamurthy swamy@harness.io
Swapnil Mahajan swapnil@harness.io
Tan Nhu tan@harness.io
Tathagat Chaurasiya tathagat.chaurasiya@harness.io
Thomas Grasman thomas.grasman@harness.io
TP Honey tp@harness.io
Tudor Macari tudor.macari@harness.io
Udham Singh udham.singh@harness.io
USB-05 udham.singh@harness.io
Udham Singh 80256915+USB-05@users.noreply.github.com
Ujjawal Prasad ujjawal.prasad@harness.io
Utkarsh Gupta utkarsh.gupta@harness.io
Utsav Krishnan utsav.krishnan@harness.io
Vaibhav Kumar Singh vaibhav.kumar@harness.io
Vaibhav Singhal vaibhav.si@harness.io
Vaibhav Tulsyan vaibhav.tulsyan@harness.io
Vardan Bansal vardan.bansal@harness.io
Vasile Glijin vasile.glijin@harness.io
Vasuki Kalluri vasuki.kalluri@harness.io
Ved Tambat ved.atultambat@harness.io
Venkatesh Kotrike venkatesh.kotrike@harness.io
Vikas Naiyar vikas.naiyar@harness.io
Vikas Singh vikas.singh@harness.io
VikasMaddukuriHarness vikas.maddukuri@harness.io
Vistaar Juneja vistaar.juneja@harness.io
Vivek Veman vivek.karnati@harness.io
Vladimir Peric vladimir.peric@harness.io
Vojin Djukic vojin.djukic@harness.io
Vuk Skobalj vuk.harness@harness.io
Vuk Skobalj vuk.skobalj@harness.io
Will Collins william.collins@harness.io
Kapil Kumawat kapil.kumawat@harness.io
TP Honey tphoney@users.noreply.github.com
Xin Shao xin.shao@harness.io
Yogesh Chauhan yogesh.chauhan@harness.io
Prakhar Saxena prakhar.saxena@harness.io
Madhusudan Khoradiya madhusudan.khoradiya@harness.io
Zhuo Yin zhuo.yin@harness.io
Jamie Li tianyi.li@harness.io
jamie-harness 87997742+jamie-harness@users.noreply.github.com
Nana Xu nana.xu@harness.io
Marko Lukic marko.lukic@harness.io
markoharness marko.lukic@harness.io
bharat bandhu goel bharat.goel@harness.io
Bharat Goel bharat.goel@harness.io
Alexandru Ciofu alexandru.ciofu@harness.io
Slobodan Pavic slobodan.pavic@harness.io
Marc Batchelor marc.batchelor@harness.io
Angelo Rodriguez angelo.rodriguez@harness.io
Ben Morrise ben.morrise@harness.io
Chris Caspanello chris.caspanello@harness.io
Chen Shterental chen.shterental@harness.io
Corey Severino corey.severino@harness.io
Brandon Groves brandon.groves@harness.io
Michael D'Amour michael.damour@harness.io
Hodaya Gamliel hodaya.gamliel@harness.io
Amnon Danieli amnon.danieli@harness.io
Gaurav Jain gaurav.jain@harness.io
Trunapushpa trunapushpa.surkar@harness.io
David Warren david.warren@harness.io
Shivam Negi shivam.negi@harness.io
Vitalie Safronovici vitalie.safronovici@harness.io
Anders Hokinson anders.hokinson@harness.io
Andrew Mollohan andrew.mollohan@harness.io
Aubrey Klaft aubrey.klaft@harness.io
Chris Hamper christopher.hamper@harness.io
David McNamara david.mcnamara@harness.io
Gabriel Aboy gabriel.aboy@harness.io
Joseph Sentongo joseph.sentongo@harness.io
Sergey Bobrov sergey.bobrov@harness.io
William Wissemann william.wissemann@harness.io
Shubham Maheshwari shubham.maheshwari@harness.io
Scott Walker scott.walker@harness.io
Tejas Tiwari tejas.tiwari@harness.io
Dev Mittal devki.mittal@harness.io
Lalit Kumar lalit.kumar@harness.io
Naman Goenka naman.goenka@harness.io
Aleksa Buha aleksa.buha@harness.io
alebuh aleksa.buha@harness.io
Satyam Goel satyam.goel@harness.io
Vasile Lica vasile.lica@harness.io
Hen Amar hen.amar@harness.io
Utkarsh Choubey utkarsh.choubey@harness.io
Sahildeep Singh sahildeep.singh@harness.io
Dhruv dhruv@harness.io
Raghav raghav.gupta@harness.io
Miloš Vasić milos.vasic@harness.io
James Cox james.cox@harness.io
Soumyajit Das soumyajit.das@harness.io
smjt-h soumyajit.das@harness.io
Avinash Madhwani avinash.m@harness.io
Raj Das rajbabu.das@harness.io
Vansh Bhatia vansh.bhatia@harness.io
Saranya Jena saranya.jena@harness.io
Amit Kumar Das amit.das@harness.io
Sarthak Jain sarthak.jain@harness.io
Abhishek Abhishek abhishek.abhishek@harness.io
Jimit Gandhi jimit.gandhi@harness.io
Tarun Uba tarun.uba@harness.io
Sourabh Awashti sourabh.awashti@harness.io
Vikyath Harekal vikyath.harekal@harness.io
Vinícius Calasans vinicius.calasans@harness.io
Xingchi Jin xingchi.jin@harness.io
Varsha Lalwani varsha.lalwani@harness.io
Divyanshu Chaubisa divyanshu.chaubisa@harness.io
Ansuman Satapathy ansuman.satapathy@harness.io
Sahiba Khan sahiba.khan@harness.io
Raison Dsouza raison.dsouza@harness.io